Zonas,N,W
Bosque,"1,13868","-70,10901"
Bosque,"1,13995","-70,10651"
Bosque,"1,13968","-70,10373"
Bosque,"1,16815","-70,20557"
Bosque,"1,16657","-70,20336"
Bosque,"1,16658","-70,20346"
Bosque,"1,1533","-70,1969"
Bosque,"1,15514","-70,19496"
Bosque,"1,13868","-70,10901"
Bosque,"1,13868","-70,10901"
Bosque,"1,13868","-70,10901"
Bosque,"1,13868","-70,10901"
Bosque,"1,13868","-70,10901"
Bosque,"1,13995","-70,10651"
Bosque,"1,13995","-70,10651"
Bosque,"1,13995","-70,10651"
Bosque,"1,13995","-70,10651"
Bosque,"1,13995","-70,10651"
Bosque,"1,13968","-70,10373"
Bosque,"1,13968","-70,10373"
Bosque,"1,13968","-70,10373"
Bosque,"1,16815","-70,20557"
Bosque,"1,16815","-70,20557"
Bosque,"1,16815","-70,20557"
Bosque,"1,16815","-70,20557"
Bosque,"1,16815","-70,20557"
Bosque,"1,16657","-70,20336"
Bosque,"1,16657","-70,20336"
Bosque,"1,16657","-70,20336"
Bosque,"1,16657","-70,20336"
Bosque,"1,16658","-70,20346"
Bosque,"1,16658","-70,20346"
Bosque,"1,1533","-70,1969"
Bosque,"1,1533","-70,1969"
Bosque,"1,1533","-70,1969"
Bosque,"1,1533","-70,1969"
Bosque,"1,15514","-70,19496"
Bosque,"1,15514","-70,19496"
Bosque,"1,15514","-70,19496"
Bosque,"1,15514","-70,19496"
Bosque,"1,15514","-70,19496"
Bosque,"1,15651","-70,19387"
Bosque,"1,15651","-70,19387"
Bosque,"1,13868","-70,10901"
Bosque,"1,13868","-70,10901"
Bosque,"1,13868","-70,10901"
Bosque,"1,13868","-70,10901"
Bosque,"1,13868","-70,10901"
Bosque,"1,13995","-70,10651"
Bosque,"1,13995","-70,10651"
Bosque,"1,13995","-70,10651"
Bosque,"1,13995","-70,10651"
Bosque,"1,13968","-70,10373"
Bosque,"1,13968","-70,10373"
Bosque,"1,13968","-70,10373"
Bosque,"1,13968","-70,10373"
Bosque,"1,13968","-70,10373"
Bosque,"1,16815","-70,20557"
Bosque,"1,16815","-70,20557"
Bosque,"1,16815","-70,20557"
Bosque,"1,16815","-70,20557"
Bosque,"1,16657","-70,20336"
Bosque,"1,16657","-70,20336"
Bosque,"1,16657","-70,20336"
Bosque,"1,16658","-70,20346"
Bosque,"1,16658","-70,20346"
Bosque,"1,1533","-70,1969"
Bosque,"1,1533","-70,1969"
Bosque,"1,1533","-70,1969"
Bosque,"1,1533","-70,1969"
Bosque,"1,1533","-70,1969"
Bosque,"1,15514","-70,19496"
Bosque,"1,15514","-70,19496"
Bosque,"1,15514","-70,19496"
Bosque,"1,15514","-70,19496"
Bosque,"1,15651","-70,19387"
Bosque,"1,15651","-70,19387"
Bosque,"1,15651","-70,19387"
Bosque,"1,15651","-70,19387"
Bosque,"1,15651","-70,19387"
Bosque,"1,13868","-70,10901"
Bosque,"1,13868","-70,10901"
Bosque,"1,13868","-70,10901"
Bosque,"1,13868","-70,10901"
Bosque,"1,13995","-70,10651"
Bosque,"1,13995","-70,10651"
Bosque,"1,13995","-70,10651"
Bosque,"1,13995","-70,10651"
Bosque,"1,13968","-70,10373"
Bosque,"1,16657","-70,20336"
Bosque,"1,16657","-70,20336"
Bosque,"1,16657","-70,20336"
Bosque,"1,16658","-70,20346"
Bosque,"1,16658","-70,20346"
Bosque,"1,16658","-70,20346"
Bosque,"1,16658","-70,20346"
Bosque,"1,1533","-70,1969"
Bosque,"1,1533","-70,1969"
Bosque,"1,1533","-70,1969"
Bosque,"1,1533","-70,1969"
Bosque,"1,1533","-70,1969"
Bosque,"1,15514","-70,19496"
Bosque,"1,15514","-70,19496"
Bosque,"1,15514","-70,19496"
Bosque,"1,15514","-70,19496"
Bosque,"1,15651","-70,19387"
Bosque,"1,15651","-70,19387"
Bosque,"1,15651","-70,19387"
Bosque,"1,15651","-70,19387"
Bosque,"1,15651","-70,19387"
Bosque,"1,13868","-70,10901"
Bosque,"1,13868","-70,10901"
Bosque,"1,13995","-70,10651"
Bosque,"1,13995","-70,10651"
Bosque,"1,13968","-70,10373"
Bosque,"1,16815","-70,20557"
Bosque,"1,16815","-70,20557"
Bosque,"1,16657","-70,20336"
Bosque,"1,16657","-70,20336"
Bosque,"1,16657","-70,20336"
Bosque,"1,16657","-70,20336"
Bosque,"1,16658","-70,20346"
Bosque,"1,16658","-70,20346"
Bosque,"1,1533","-70,1969"
Bosque,"1,1533","-70,1969"
Bosque,"1,1533","-70,1969"
Bosque,"1,1533","-70,1969"
Bosque,"1,15514","-70,19496"
Bosque,"1,15514","-70,19496"
Bosque,"1,15514","-70,19496"
Bosque,"1,15514","-70,19496"
Bosque,"1,15651","-70,19387"
Bosque,"1,15651","-70,19387"
Bosque,"1,15651","-70,19387"
Chagra,"1,21487","-70,19151"
Chagra,"1,21765","-70,19262"
Chagra,"1,21653","-70,19485"
Chagra,"1,27153","-70,20649"
Chagra,"1,27049","-70,21528"
Chagra,"1,16269","-70,20003"
Chagra,"1,16091","-70,19859"
Chagra,"1,16486","-70,19773"
Chagra,"1,21487","-70,19151"
Chagra,"1,21487","-70,19151"
Chagra,"1,21487","-70,19151"
Chagra,"1,21487","-70,19151"
Chagra,"1,21487","-70,19151"
Chagra,"1,21765","-70,19262"
Chagra,"1,21765","-70,19262"
Chagra,"1,21765","-70,19262"
Chagra,"1,21653","-70,19485"
Chagra,"1,21653","-70,19485"
Chagra,"1,21653","-70,19485"
Chagra,"1,26671","-70,22375"
Chagra,"1,26671","-70,22375"
Chagra,"1,26671","-70,22375"
Chagra,"1,26671","-70,22375"
Chagra,"1,26671","-70,22375"
Chagra,"1,27153","-70,20649"
Chagra,"1,27153","-70,20649"
Chagra,"1,27153","-70,20649"
Chagra,"1,27153","-70,20649"
Chagra,"1,27153","-70,20649"
Chagra,"1,27049","-70,21528"
Chagra,"1,27049","-70,21528"
Chagra,"1,27049","-70,21528"
Chagra,"1,16269","-70,20003"
Chagra,"1,16269","-70,20003"
Chagra,"1,16269","-70,20003"
Chagra,"1,16269","-70,20003"
Chagra,"1,16269","-70,20003"
Chagra,"1,16091","-70,19859"
Chagra,"1,16091","-70,19859"
Chagra,"1,16091","-70,19859"
Chagra,"1,16091","-70,19859"
Chagra,"1,16486","-70,19773"
Chagra,"1,16486","-70,19773"
Chagra,"1,16486","-70,19773"
Chagra,"1,16486","-70,19773"
Chagra,"1,21765","-70,19262"
Chagra,"1,21765","-70,19262"
Chagra,"1,26671","-70,22375"
Chagra,"1,26671","-70,22375"
Chagra,"1,26671","-70,22375"
Chagra,"1,27153","-70,20649"
Chagra,"1,27153","-70,20649"
Chagra,"1,27153","-70,20649"
Chagra,"1,27153","-70,20649"
Chagra,"1,16269","-70,20003"
Chagra,"1,16269","-70,20003"
Chagra,"1,16486","-70,19773"
Chagra,"1,21487","-70,19151"
Chagra,"1,21487","-70,19151"
Chagra,"1,21487","-70,19151"
Chagra,"1,21487","-70,19151"
Chagra,"1,21765","-70,19262"
Chagra,"1,21765","-70,19262"
Chagra,"1,21765","-70,19262"
Chagra,"1,21765","-70,19262"
Chagra,"1,21765","-70,19262"
Chagra,"1,21653","-70,19485"
Chagra,"1,21653","-70,19485"
Chagra,"1,21653","-70,19485"
Chagra,"1,21653","-70,19485"
Chagra,"1,26671","-70,22375"
Chagra,"1,26671","-70,22375"
Chagra,"1,26671","-70,22375"
Chagra,"1,26671","-70,22375"
Chagra,"1,26671","-70,22375"
Chagra,"1,27153","-70,20649"
Chagra,"1,27153","-70,20649"
Chagra,"1,27153","-70,20649"
Chagra,"1,27153","-70,20649"
Chagra,"1,27049","-70,21528"
Chagra,"1,27049","-70,21528"
Chagra,"1,27049","-70,21528"
Chagra,"1,27049","-70,21528"
Chagra,"1,27049","-70,21528"
Chagra,"1,16269","-70,20003"
Chagra,"1,16269","-70,20003"
Chagra,"1,16269","-70,20003"
Chagra,"1,16269","-70,20003"
Chagra,"1,16091","-70,19859"
Chagra,"1,16091","-70,19859"
Chagra,"1,16091","-70,19859"
Chagra,"1,16486","-70,19773"
Chagra,"1,16486","-70,19773"
Chagra,"1,16486","-70,19773"
Chagra,"1,16486","-70,19773"
Chagra,"1,16486","-70,19773"
Chagra,"1,21487","-70,19151"
Chagra,"1,21487","-70,19151"
Chagra,"1,21487","-70,19151"
Chagra,"1,21487","-70,19151"
Chagra,"1,21765","-70,19262"
Chagra,"1,21765","-70,19262"
Chagra,"1,21765","-70,19262"
Chagra,"1,21765","-70,19262"
Chagra,"1,21653","-70,19485"
Chagra,"1,21653","-70,19485"
Chagra,"1,21653","-70,19485"
Chagra,"1,21653","-70,19485"
Chagra,"1,21653","-70,19485"
Chagra,"1,26671","-70,22375"
Chagra,"1,26671","-70,22375"
Chagra,"1,26671","-70,22375"
Chagra,"1,26671","-70,22375"
Chagra,"1,26671","-70,22375"
Chagra,"1,27153","-70,20649"
Chagra,"1,27153","-70,20649"
Chagra,"1,27153","-70,20649"
Chagra,"1,27153","-70,20649"
Chagra,"1,27153","-70,20649"
Chagra,"1,27049","-70,21528"
Chagra,"1,27049","-70,21528"
Chagra,"1,27049","-70,21528"
Chagra,"1,27049","-70,21528"
Chagra,"1,27049","-70,21528"
Chagra,"1,16269","-70,20003"
Chagra,"1,16269","-70,20003"
Chagra,"1,16091","-70,19859"
Chagra,"1,16091","-70,19859"
Chagra,"1,16091","-70,19859"
Chagra,"1,16091","-70,19859"
Chagra,"1,16486","-70,19773"
Chagra,"1,16486","-70,19773"
Chagra,"1,16486","-70,19773"
Chagra,"1,16486","-70,19773"
Urbano,"1,25243","-70,23499"
Urbano,"1,25377","-70,23561"
Urbano,"1,24172","-70,23537"
Urbano,"1,24869","-70,23376"
Urbano,"1,24478","-70,23378"
Urbano,"1,27197","-70,20974"
Urbano,"1,24502","-70,23624"
Urbano,"1,24502","-70,23624"
Urbano,"1,24502","-70,23624"
Urbano,"1,24502","-70,23624"
Urbano,"1,25377","-70,23561"
Urbano,"1,25377","-70,23561"
Urbano,"1,25377","-70,23561"
Urbano,"1,24172","-70,23537"
Urbano,"1,24172","-70,23537"
Urbano,"1,24172","-70,23537"
Urbano,"1,24172","-70,23537"
Urbano,"1,24869","-70,23376"
Urbano,"1,24478","-70,23378"
Urbano,"2,78317","-70,2267"
Urbano,"1,27197","-70,20974"
Urbano,"1,27197","-70,20974"
Urbano,"1,26253","-70,22279"
Urbano,"1,26253","-70,22279"
Urbano,"1,26253","-70,22279"
Urbano,"1,24502","-70,23624"
Urbano,"1,24502","-70,23624"
Urbano,"1,25377","-70,23561"
Urbano,"1,25377","-70,23561"
Urbano,"1,25377","-70,23561"
Urbano,"1,24478","-70,23378"
Urbano,"1,24478","-70,23378"
Urbano,"2,78317","-70,2267"
Urbano,"1,27197","-70,20974"
Urbano,"1,27197","-70,20974"
Urbano,"1,24502","-70,23624"
Urbano,"1,24502","-70,23624"
Urbano,"1,24502","-70,23624"
Urbano,"1,24502","-70,23624"
Urbano,"1,24502","-70,23624"
Urbano,"1,25243","-70,23499"
Urbano,"1,25243","-70,23499"
Urbano,"1,25243","-70,23499"
Urbano,"1,25243","-70,23499"
Urbano,"1,25243","-70,23499"
Urbano,"1,25377","-70,23561"
Urbano,"1,25377","-70,23561"
Urbano,"1,25377","-70,23561"
Urbano,"1,25377","-70,23561"
Urbano,"1,24172","-70,23537"
Urbano,"1,24172","-70,23537"
Urbano,"1,24172","-70,23537"
Urbano,"1,24172","-70,23537"
Urbano,"1,24172","-70,23537"
Urbano,"1,24869","-70,23376"
Urbano,"1,24869","-70,23376"
Urbano,"1,24869","-70,23376"
Urbano,"1,24869","-70,23376"
Urbano,"1,24869","-70,23376"
Urbano,"1,24478","-70,23378"
Urbano,"2,78317","-70,2267"
Urbano,"2,78317","-70,2267"
Urbano,"2,78317","-70,2267"
Urbano,"1,27197","-70,20974"
Urbano,"1,27197","-70,20974"
Urbano,"1,27197","-70,20974"
Urbano,"1,26253","-70,22279"
Urbano,"1,26253","-70,22279"
Urbano,"1,26253","-70,22279"
Urbano,"1,26253","-70,22279"
Urbano,"1,26253","-70,22279"
Urbano,"1,24502","-70,23624"
Urbano,"1,24502","-70,23624"
Urbano,"1,24502","-70,23624"
Urbano,"1,24502","-70,23624"
Urbano,"1,24502","-70,23624"
Urbano,"1,25243","-70,23499"
Urbano,"1,25243","-70,23499"
Urbano,"1,25243","-70,23499"
Urbano,"1,25243","-70,23499"
Urbano,"1,25377","-70,23561"
Urbano,"1,24172","-70,23537"
Urbano,"1,24172","-70,23537"
Urbano,"1,24172","-70,23537"
Urbano,"1,24869","-70,23376"
Urbano,"1,24478","-70,23378"
Urbano,"1,24478","-70,23378"
Urbano,"1,24478","-70,23378"
Urbano,"2,78317","-70,2267"
Urbano,"2,78317","-70,2267"
Urbano,"2,78317","-70,2267"
Urbano,"2,78317","-70,2267"
Urbano,"1,27197","-70,20974"
Urbano,"1,26253","-70,22279"
